지역,연령별,성별,주관적 건강수준
서울시,계,계,39.3
서울시,계,남,44.4
서울시,계,여,35.3
서울시,19~64,계,44.6
서울시,19~64,남,49.1
서울시,19~64,여,41.0
서울시,45~64,계,36.9
서울시,45~64,남,40.8
서울시,45~64,여,34.0
서울시,65~200,계,24.1
서울시,65~200,남,30.4
서울시,65~200,여,19.5
영등포구,계,계,39.1
영등포구,계,남,44.6
영등포구,계,여,34.3
영등포구,19~64,계,42.5
영등포구,19~64,남,46.1
영등포구,19~64,여,39.3
영등포구,45~64,계,37.3
영등포구,45~64,남,40.3
영등포구,45~64,여,34.9
영등포구,65~200,계,28.9
영등포구,65~200,남,40.2
영등포구,65~200,여,19.0
양천구,계,계,42.1
양천구,계,남,43.2
양천구,계,여,41.2
양천구,19~64,계,46.4
양천구,19~64,남,46.1
양천구,19~64,여,46.7
양천구,45~64,계,39.3
양천구,45~64,남,38.6
양천구,45~64,여,39.9
양천구,65~200,계,24.6
양천구,65~200,남,30.7
양천구,65~200,여,20.4
마포구,계,계,37.7
마포구,계,남,42.2
마포구,계,여,34.4
마포구,19~64,계,41.9
마포구,19~64,남,46.2
마포구,19~64,여,38.7
마포구,45~64,계,36.3
마포구,45~64,남,41.7
마포구,45~64,여,32.5
마포구,65~200,계,25.2
마포구,65~200,남,30.3
마포구,65~200,여,21.4
동작구,계,계,44.4
동작구,계,남,50.4
동작구,계,여,39.6
동작구,19~64,계,50.3
동작구,19~64,남,54.3
동작구,19~64,여,47.0
동작구,45~64,계,41.7
동작구,45~64,남,45.7
동작구,45~64,여,38.6
동작구,65~200,계,28.5
동작구,65~200,남,39.0
동작구,65~200,여,20.8
금천구,계,계,34.9
금천구,계,남,41.2
금천구,계,여,29.6
금천구,19~64,계,40.3
금천구,19~64,남,47.5
금천구,19~64,여,34.4
금천구,45~64,계,25.0
금천구,45~64,남,30.2
금천구,45~64,여,21.3
금천구,65~200,계,17.9
금천구,65~200,남,23.1
금천구,65~200,여,12.7
구로구,계,계,33.8
구로구,계,남,40.1
구로구,계,여,28.8
구로구,19~64,계,38.4
구로구,19~64,남,44.5
구로구,19~64,여,33.4
구로구,45~64,계,31.0
구로구,45~64,남,39.0
구로구,45~64,여,24.5
구로구,65~200,계,20.3
구로구,65~200,남,26.5
구로구,65~200,여,15.8
관악구,계,계,37.7
관악구,계,남,41.8
관악구,계,여,34.5
관악구,19~64,계,41.7
관악구,19~64,남,45.9
관악구,19~64,여,38.5
관악구,45~64,계,38.0
관악구,45~64,남,40.4
관악구,45~64,여,36.5
관악구,65~200,계,26.5
관악구,65~200,남,30.1
관악구,65~200,여,23.9
강서구,계,계,39.9
강서구,계,남,44.1
강서구,계,여,36.7
강서구,19~64,계,45.0
강서구,19~64,남,49.0
강서구,19~64,여,41.9
강서구,45~64,계,35.2
강서구,45~64,남,38.9
강서구,45~64,여,32.7
강서구,65~200,계,22.3
강서구,65~200,남,26.7
강서구,65~200,여,19.0
중랑구,계,계,35.1
중랑구,계,남,41.6
중랑구,계,여,30.8
중랑구,19~64,계,39.5
중랑구,19~64,남,43.5
중랑구,19~64,여,36.9
중랑구,45~64,계,32.0
중랑구,45~64,남,35.7
중랑구,45~64,여,30.0
중랑구,65~200,계,23.9
중랑구,65~200,남,37.3
중랑구,65~200,여,12.4
종로구,계,계,32.8
종로구,계,남,33.5
종로구,계,여,32.3
종로구,19~64,계,37.0
종로구,19~64,남,35.9
종로구,19~64,여,37.9
종로구,45~64,계,33.8
종로구,45~64,남,31.2
종로구,45~64,여,35.8
종로구,65~200,계,20.9
종로구,65~200,남,25.5
종로구,65~200,여,17.7
은평구,계,계,30.2
은평구,계,남,36.7
은평구,계,여,25.7
은평구,19~64,계,37.0
은평구,19~64,남,43.1
은평구,19~64,여,32.5
은평구,45~64,계,31.3
은평구,45~64,남,31.4
은평구,45~64,여,31.3
은평구,65~200,계,17.0
은평구,65~200,남,22.4
은평구,65~200,여,13.8
성북구,계,계,36.9
성북구,계,남,44.1
성북구,계,여,31.2
성북구,19~64,계,41.1
성북구,19~64,남,48.5
성북구,19~64,여,35.2
성북구,45~64,계,38.9
성북구,45~64,남,48.2
성북구,45~64,여,31.9
성북구,65~200,계,25.7
성북구,65~200,남,32.1
성북구,65~200,여,21.1
서대문구,계,계,38.9
서대문구,계,남,44.6
서대문구,계,여,34.6
서대문구,19~64,계,47.6
서대문구,19~64,남,53.7
서대문구,19~64,여,42.6
서대문구,45~64,계,38.7
서대문구,45~64,남,44.2
서대문구,45~64,여,35.0
서대문구,65~200,계,20.0
서대문구,65~200,남,21.1
서대문구,65~200,여,19.3
도봉구,계,계,34.9
도봉구,계,남,43.0
도봉구,계,여,28.9
도봉구,19~64,계,40.9
도봉구,19~64,남,50.0
도봉구,19~64,여,34.1
도봉구,45~64,계,37.6
도봉구,45~64,남,43.0
도봉구,45~64,여,34.0
도봉구,65~200,계,20.5
도봉구,65~200,남,26.1
도봉구,65~200,여,16.3
노원구,계,계,34.0
노원구,계,남,37.9
노원구,계,여,31.3
노원구,19~64,계,41.3
노원구,19~64,남,46.2
노원구,19~64,여,37.8
노원구,45~64,계,33.0
노원구,45~64,남,36.8
노원구,45~64,여,30.6
노원구,65~200,계,17.3
노원구,65~200,남,17.8
노원구,65~200,여,17.0
강북구,계,계,32.4
강북구,계,남,36.0
강북구,계,여,29.6
강북구,19~64,계,39.9
강북구,19~64,남,43.4
강북구,19~64,여,37.1
강북구,45~64,계,29.4
강북구,45~64,남,35.5
강북구,45~64,여,24.7
강북구,65~200,계,18.7
강북구,65~200,남,22.1
강북구,65~200,여,16.3
중구,계,계,43.6
중구,계,남,46.9
중구,계,여,40.5
중구,19~64,계,52.1
중구,19~64,남,53.5
중구,19~64,여,50.7
중구,45~64,계,35.0
중구,45~64,남,35.7
중구,45~64,여,34.5
중구,65~200,계,18.0
중구,65~200,남,23.7
중구,65~200,여,13.7
용산구,계,계,49.3
용산구,계,남,52.5
용산구,계,여,46.6
용산구,19~64,계,59.5
용산구,19~64,남,62.5
용산구,19~64,여,56.7
용산구,45~64,계,50.0
용산구,45~64,남,49.4
용산구,45~64,여,50.6
용산구,65~200,계,27.8
용산구,65~200,남,29.1
용산구,65~200,여,26.8
송파구,계,계,44.1
송파구,계,남,48.5
송파구,계,여,40.7
송파구,19~64,계,47.0
송파구,19~64,남,50.0
송파구,19~64,여,44.6
송파구,45~64,계,39.9
송파구,45~64,남,41.1
송파구,45~64,여,39.1
송파구,65~200,계,33.8
송파구,65~200,남,42.9
송파구,65~200,여,27.5
성동구,계,계,34.4
성동구,계,남,36.8
성동구,계,여,32.5
성동구,19~64,계,37.6
성동구,19~64,남,40.1
성동구,19~64,여,35.7
성동구,45~64,계,28.4
성동구,45~64,남,30.1
성동구,45~64,여,27.0
성동구,65~200,계,24.4
성동구,65~200,남,26.7
성동구,65~200,여,22.5
서초구,계,계,55.7
서초구,계,남,61.3
서초구,계,여,51.3
서초구,19~64,계,60.8
서초구,19~64,남,63.3
서초구,19~64,여,58.9
서초구,45~64,계,50.7
서초구,45~64,남,53.4
서초구,45~64,여,48.8
서초구,65~200,계,37.7
서초구,65~200,남,54.5
서초구,65~200,여,25.0
동대문구,계,계,35.7
동대문구,계,남,44.0
동대문구,계,여,28.8
동대문구,19~64,계,37.7
동대문구,19~64,남,45.1
동대문구,19~64,여,31.5
동대문구,45~64,계,32.0
동대문구,45~64,남,41.2
동대문구,45~64,여,24.5
동대문구,65~200,계,30.0
동대문구,65~200,남,40.7
동대문구,65~200,여,21.2
광진구,계,계,41.8
광진구,계,남,48.1
광진구,계,여,36.3
광진구,19~64,계,45.2
광진구,19~64,남,52.1
광진구,19~64,여,39.4
광진구,45~64,계,36.2
광진구,45~64,남,44.7
광진구,45~64,여,29.2
광진구,65~200,계,27.9
광진구,65~200,남,32.6
광진구,65~200,여,23.7
강동구,계,계,47.3
강동구,계,남,54.3
강동구,계,여,41.5
강동구,19~64,계,53.1
강동구,19~64,남,60.2
강동구,19~64,여,47.4
강동구,45~64,계,45.2
강동구,45~64,남,54.9
강동구,45~64,여,37.9
강동구,65~200,계,26.1
강동구,65~200,남,33.7
강동구,65~200,여,19.6
강남구,계,계,45.8
강남구,계,남,50.1
강남구,계,여,42.6
강남구,19~64,계,48.9
강남구,19~64,남,52.4
강남구,19~64,여,46.2
강남구,45~64,계,46.7
강남구,45~64,남,50.0
강남구,45~64,여,44.3
강남구,65~200,계,30.6
강남구,65~200,남,37.7
강남구,65~200,여,26.0
